size, threads, time_col, time_row, time_block

4,4,124.000000,87.000000, 91.000000
8,4,96.000000,72.000000, 67.000000
16,4,102.000000,82.000000, 62.000000
32,4,104.000000,100.000000, 100.000000
64,4,274.000000,411.000000, 537.000000
128,4,1726.000000,2024.000000, 2971.000000
256,4,12867.000000,13918.000000, 19327.000000
512,4,91570.000000,107737.000000, 169291.000000
1024,4,801518.000000,897704.000000, 1429354.000000
2048,4,7851497.000000,7638979.000000, 11605464.000000
